SET IDENTITY_INSERT [dbo].[Enquetes] ON
INSERT INTO [dbo].[Enquetes] ([EnqueteID], [Name], [Description], [StartDate], [EndDate]) VALUES (1, N'Enquete 1', N'Enquete 1 is de 1e Enquete in de database', N'2013-01-01 00:00:00', N'2013-02-02 00:00:00')
INSERT INTO [dbo].[Enquetes] ([EnqueteID], [Name], [Description], [StartDate], [EndDate]) VALUES (2, N'Enquete 2', N'Enquete 2 is de 2e Enquete in de database', N'2013-01-01 00:00:00', N'2013-02-02 00:00:00')
INSERT INTO [dbo].[Enquetes] ([EnqueteID], [Name], [Description], [StartDate], [EndDate]) VALUES (3, N'Enquete 3', N'Enquete 3 is de 3e Enquete in de database', N'2013-01-01 00:00:00', N'2013-02-02 00:00:00')
INSERT INTO [dbo].[Enquetes] ([EnqueteID], [Name], [Description], [StartDate], [EndDate]) VALUES (4, N'Enquete 4', N'Enquete 4 is de 4e Enquete in de database', N'2013-01-01 00:00:00', N'2013-02-02 00:00:00')
INSERT INTO [dbo].[Enquetes] ([EnqueteID], [Name], [Description], [StartDate], [EndDate]) VALUES (5, N'Enquete 5', N'Enquete 5 is de 5e Enquete in de database', N'2013-01-01 00:00:00', N'2013-02-02 00:00:00')
SET IDENTITY_INSERT [dbo].[Enquetes] OFF

SET IDENTITY_INSERT [dbo].[Questions] ON
INSERT INTO [dbo].[Questions] ([QuestionID], [EnqueteID], [Text], [type]) VALUES (1, 1, N'Enquete 1, Question 1', 0)
INSERT INTO [dbo].[Questions] ([QuestionID], [EnqueteID], [Text], [type]) VALUES (2, 1, N'Enquete 1, Question 2', 0)
INSERT INTO [dbo].[Questions] ([QuestionID], [EnqueteID], [Text], [type]) VALUES (3, 1, N'Enquete 1, Question 3', 0)
INSERT INTO [dbo].[Questions] ([QuestionID], [EnqueteID], [Text], [type]) VALUES (4, 1, N'Enquete 1, Question 4', 0)
INSERT INTO [dbo].[Questions] ([QuestionID], [EnqueteID], [Text], [type]) VALUES (5, 1, N'Enquete 1, Question 5', 0)
INSERT INTO [dbo].[Questions] ([QuestionID], [EnqueteID], [Text], [type]) VALUES (6, 2, N'Enquete 2, Question 1', 0)
INSERT INTO [dbo].[Questions] ([QuestionID], [EnqueteID], [Text], [type]) VALUES (7, 2, N'Enquete 2, Question 2', 0)
INSERT INTO [dbo].[Questions] ([QuestionID], [EnqueteID], [Text], [type]) VALUES (8, 2, N'Enquete 2, Question 3', 0)
INSERT INTO [dbo].[Questions] ([QuestionID], [EnqueteID], [Text], [type]) VALUES (9, 2, N'Enquete 2, Question 4', 0)
INSERT INTO [dbo].[Questions] ([QuestionID], [EnqueteID], [Text], [type]) VALUES (10, 2, N'Enquete 2, Question 5', 0)
INSERT INTO [dbo].[Questions] ([QuestionID], [EnqueteID], [Text], [type]) VALUES (11, 3, N'Enquete 3, Question 1', 0)
INSERT INTO [dbo].[Questions] ([QuestionID], [EnqueteID], [Text], [type]) VALUES (12, 3, N'Enquete 3, Question 2', 0)
INSERT INTO [dbo].[Questions] ([QuestionID], [EnqueteID], [Text], [type]) VALUES (13, 3, N'Enquete 3, Question 3', 0)
INSERT INTO [dbo].[Questions] ([QuestionID], [EnqueteID], [Text], [type]) VALUES (14, 3, N'Enquete 3, Question 4', 0)
INSERT INTO [dbo].[Questions] ([QuestionID], [EnqueteID], [Text], [type]) VALUES (15, 3, N'Enquete 3, Question 5', 0)
INSERT INTO [dbo].[Questions] ([QuestionID], [EnqueteID], [Text], [type]) VALUES (16, 4, N'Enquete 4, Question 1', 0)
INSERT INTO [dbo].[Questions] ([QuestionID], [EnqueteID], [Text], [type]) VALUES (17, 4, N'Enquete 4, Question 2', 0)
INSERT INTO [dbo].[Questions] ([QuestionID], [EnqueteID], [Text], [type]) VALUES (18, 4, N'Enquete 4, Question 3', 0)
INSERT INTO [dbo].[Questions] ([QuestionID], [EnqueteID], [Text], [type]) VALUES (19, 4, N'Enquete 4, Question 4', 0)
INSERT INTO [dbo].[Questions] ([QuestionID], [EnqueteID], [Text], [type]) VALUES (20, 4, N'Enquete 4, Question 5', 0)
INSERT INTO [dbo].[Questions] ([QuestionID], [EnqueteID], [Text], [type]) VALUES (21, 5, N'Enquete 5, Question 1', 0)
INSERT INTO [dbo].[Questions] ([QuestionID], [EnqueteID], [Text], [type]) VALUES (22, 5, N'Enquete 5, Question 2', 0)
INSERT INTO [dbo].[Questions] ([QuestionID], [EnqueteID], [Text], [type]) VALUES (23, 5, N'Enquete 5, Question 3', 0)
INSERT INTO [dbo].[Questions] ([QuestionID], [EnqueteID], [Text], [type]) VALUES (24, 5, N'Enquete 5, Question 4', 0)
INSERT INTO [dbo].[Questions] ([QuestionID], [EnqueteID], [Text], [type]) VALUES (25, 5, N'Enquete 5, Question 5', 0)
SET IDENTITY_INSERT [dbo].[Questions] OFF

SET IDENTITY_INSERT [dbo].[PossibleAnswers] ON
INSERT INTO [dbo].[PossibleAnswers] ([PossibleAnswerID], [QuestionID], [Text]) VALUES (1, 1, N'Enquete 1, Question 1, PossibleAnswer 1')
INSERT INTO [dbo].[PossibleAnswers] ([PossibleAnswerID], [QuestionID], [Text]) VALUES (2, 1, N'Enquete 1, Question 1, PossibleAnswer 2')
INSERT INTO [dbo].[PossibleAnswers] ([PossibleAnswerID], [QuestionID], [Text]) VALUES (3, 1, N'Enquete 1, Question 1, PossibleAnswer 3')
INSERT INTO [dbo].[PossibleAnswers] ([PossibleAnswerID], [QuestionID], [Text]) VALUES (4, 2, N'Enquete 1, Question 2, PossibleAnswer 1')
INSERT INTO [dbo].[PossibleAnswers] ([PossibleAnswerID], [QuestionID], [Text]) VALUES (5, 2, N'Enquete 1, Question 2, PossibleAnswer 2')
INSERT INTO [dbo].[PossibleAnswers] ([PossibleAnswerID], [QuestionID], [Text]) VALUES (6, 2, N'Enquete 1, Question 2, PossibleAnswer 3')
INSERT INTO [dbo].[PossibleAnswers] ([PossibleAnswerID], [QuestionID], [Text]) VALUES (7, 3, N'Enquete 1, Question 3, PossibleAnswer 1')
INSERT INTO [dbo].[PossibleAnswers] ([PossibleAnswerID], [QuestionID], [Text]) VALUES (8, 3, N'Enquete 1, Question 3, PossibleAnswer 2')
INSERT INTO [dbo].[PossibleAnswers] ([PossibleAnswerID], [QuestionID], [Text]) VALUES (9, 3, N'Enquete 1, Question 3, PossibleAnswer 3')
INSERT INTO [dbo].[PossibleAnswers] ([PossibleAnswerID], [QuestionID], [Text]) VALUES (10, 4, N'Enquete 1, Question 4, PossibleAnswer 1')
INSERT INTO [dbo].[PossibleAnswers] ([PossibleAnswerID], [QuestionID], [Text]) VALUES (11, 4, N'Enquete 1, Question 4, PossibleAnswer 2')
INSERT INTO [dbo].[PossibleAnswers] ([PossibleAnswerID], [QuestionID], [Text]) VALUES (12, 4, N'Enquete 1, Question 4, PossibleAnswer 3')
INSERT INTO [dbo].[PossibleAnswers] ([PossibleAnswerID], [QuestionID], [Text]) VALUES (13, 5, N'Enquete 1, Question 5, PossibleAnswer 1')
INSERT INTO [dbo].[PossibleAnswers] ([PossibleAnswerID], [QuestionID], [Text]) VALUES (14, 5, N'Enquete 1, Question 5, PossibleAnswer 2')
INSERT INTO [dbo].[PossibleAnswers] ([PossibleAnswerID], [QuestionID], [Text]) VALUES (15, 5, N'Enquete 1, Question 5, PossibleAnswer 3')
INSERT INTO [dbo].[PossibleAnswers] ([PossibleAnswerID], [QuestionID], [Text]) VALUES (16, 6, N'Enquete 2, Question 1, PossibleAnswer 1')
INSERT INTO [dbo].[PossibleAnswers] ([PossibleAnswerID], [QuestionID], [Text]) VALUES (17, 6, N'Enquete 2, Question 1, PossibleAnswer 2')
INSERT INTO [dbo].[PossibleAnswers] ([PossibleAnswerID], [QuestionID], [Text]) VALUES (18, 6, N'Enquete 2, Question 1, PossibleAnswer 3')
INSERT INTO [dbo].[PossibleAnswers] ([PossibleAnswerID], [QuestionID], [Text]) VALUES (19, 7, N'Enquete 2, Question 2, PossibleAnswer 1')
INSERT INTO [dbo].[PossibleAnswers] ([PossibleAnswerID], [QuestionID], [Text]) VALUES (20, 7, N'Enquete 2, Question 2, PossibleAnswer 2')
INSERT INTO [dbo].[PossibleAnswers] ([PossibleAnswerID], [QuestionID], [Text]) VALUES (21, 7, N'Enquete 2, Question 2, PossibleAnswer 3')
INSERT INTO [dbo].[PossibleAnswers] ([PossibleAnswerID], [QuestionID], [Text]) VALUES (22, 8, N'Enquete 2, Question 3, PossibleAnswer 1')
INSERT INTO [dbo].[PossibleAnswers] ([PossibleAnswerID], [QuestionID], [Text]) VALUES (23, 8, N'Enquete 2, Question 3, PossibleAnswer 2')
INSERT INTO [dbo].[PossibleAnswers] ([PossibleAnswerID], [QuestionID], [Text]) VALUES (24, 8, N'Enquete 2, Question 3, PossibleAnswer 3')
INSERT INTO [dbo].[PossibleAnswers] ([PossibleAnswerID], [QuestionID], [Text]) VALUES (25, 9, N'Enquete 2, Question 4, PossibleAnswer 1')
INSERT INTO [dbo].[PossibleAnswers] ([PossibleAnswerID], [QuestionID], [Text]) VALUES (26, 9, N'Enquete 2, Question 4, PossibleAnswer 2')
INSERT INTO [dbo].[PossibleAnswers] ([PossibleAnswerID], [QuestionID], [Text]) VALUES (27, 9, N'Enquete 2, Question 4, PossibleAnswer 3')
INSERT INTO [dbo].[PossibleAnswers] ([PossibleAnswerID], [QuestionID], [Text]) VALUES (28, 10, N'Enquete 2, Question 5, PossibleAnswer 1')
INSERT INTO [dbo].[PossibleAnswers] ([PossibleAnswerID], [QuestionID], [Text]) VALUES (29, 10, N'Enquete 2, Question 5, PossibleAnswer 2')
INSERT INTO [dbo].[PossibleAnswers] ([PossibleAnswerID], [QuestionID], [Text]) VALUES (30, 10, N'Enquete 2, Question 5, PossibleAnswer 3')
INSERT INTO [dbo].[PossibleAnswers] ([PossibleAnswerID], [QuestionID], [Text]) VALUES (31, 11, N'Enquete 3, Question 1, PossibleAnswer 1')
INSERT INTO [dbo].[PossibleAnswers] ([PossibleAnswerID], [QuestionID], [Text]) VALUES (32, 11, N'Enquete 3, Question 1, PossibleAnswer 2')
INSERT INTO [dbo].[PossibleAnswers] ([PossibleAnswerID], [QuestionID], [Text]) VALUES (33, 11, N'Enquete 3, Question 1, PossibleAnswer 3')
INSERT INTO [dbo].[PossibleAnswers] ([PossibleAnswerID], [QuestionID], [Text]) VALUES (34, 12, N'Enquete 3, Question 2, PossibleAnswer 1')
INSERT INTO [dbo].[PossibleAnswers] ([PossibleAnswerID], [QuestionID], [Text]) VALUES (35, 12, N'Enquete 3, Question 2, PossibleAnswer 2')
INSERT INTO [dbo].[PossibleAnswers] ([PossibleAnswerID], [QuestionID], [Text]) VALUES (36, 12, N'Enquete 3, Question 2, PossibleAnswer 3')
INSERT INTO [dbo].[PossibleAnswers] ([PossibleAnswerID], [QuestionID], [Text]) VALUES (37, 13, N'Enquete 3, Question 3, PossibleAnswer 1')
INSERT INTO [dbo].[PossibleAnswers] ([PossibleAnswerID], [QuestionID], [Text]) VALUES (38, 13, N'Enquete 3, Question 3, PossibleAnswer 2')
INSERT INTO [dbo].[PossibleAnswers] ([PossibleAnswerID], [QuestionID], [Text]) VALUES (39, 13, N'Enquete 3, Question 3, PossibleAnswer 3')
INSERT INTO [dbo].[PossibleAnswers] ([PossibleAnswerID], [QuestionID], [Text]) VALUES (40, 14, N'Enquete 3, Question 4, PossibleAnswer 1')
INSERT INTO [dbo].[PossibleAnswers] ([PossibleAnswerID], [QuestionID], [Text]) VALUES (41, 14, N'Enquete 3, Question 4, PossibleAnswer 2')
INSERT INTO [dbo].[PossibleAnswers] ([PossibleAnswerID], [QuestionID], [Text]) VALUES (42, 14, N'Enquete 3, Question 4, PossibleAnswer 3')
INSERT INTO [dbo].[PossibleAnswers] ([PossibleAnswerID], [QuestionID], [Text]) VALUES (43, 15, N'Enquete 3, Question 5, PossibleAnswer 1')
INSERT INTO [dbo].[PossibleAnswers] ([PossibleAnswerID], [QuestionID], [Text]) VALUES (44, 15, N'Enquete 3, Question 5, PossibleAnswer 2')
INSERT INTO [dbo].[PossibleAnswers] ([PossibleAnswerID], [QuestionID], [Text]) VALUES (45, 15, N'Enquete 3, Question 5, PossibleAnswer 3')
INSERT INTO [dbo].[PossibleAnswers] ([PossibleAnswerID], [QuestionID], [Text]) VALUES (46, 16, N'Enquete 4, Question 1, PossibleAnswer 1')
INSERT INTO [dbo].[PossibleAnswers] ([PossibleAnswerID], [QuestionID], [Text]) VALUES (47, 16, N'Enquete 4, Question 1, PossibleAnswer 2')
INSERT INTO [dbo].[PossibleAnswers] ([PossibleAnswerID], [QuestionID], [Text]) VALUES (48, 16, N'Enquete 4, Question 1, PossibleAnswer 3')
INSERT INTO [dbo].[PossibleAnswers] ([PossibleAnswerID], [QuestionID], [Text]) VALUES (49, 17, N'Enquete 4, Question 2, PossibleAnswer 1')
INSERT INTO [dbo].[PossibleAnswers] ([PossibleAnswerID], [QuestionID], [Text]) VALUES (50, 17, N'Enquete 4, Question 2, PossibleAnswer 2')
INSERT INTO [dbo].[PossibleAnswers] ([PossibleAnswerID], [QuestionID], [Text]) VALUES (51, 17, N'Enquete 4, Question 2, PossibleAnswer 3')
INSERT INTO [dbo].[PossibleAnswers] ([PossibleAnswerID], [QuestionID], [Text]) VALUES (52, 18, N'Enquete 4, Question 3, PossibleAnswer 1')
INSERT INTO [dbo].[PossibleAnswers] ([PossibleAnswerID], [QuestionID], [Text]) VALUES (53, 18, N'Enquete 4, Question 3, PossibleAnswer 2')
INSERT INTO [dbo].[PossibleAnswers] ([PossibleAnswerID], [QuestionID], [Text]) VALUES (54, 18, N'Enquete 4, Question 3, PossibleAnswer 3')
INSERT INTO [dbo].[PossibleAnswers] ([PossibleAnswerID], [QuestionID], [Text]) VALUES (55, 19, N'Enquete 4, Question 4, PossibleAnswer 1')
INSERT INTO [dbo].[PossibleAnswers] ([PossibleAnswerID], [QuestionID], [Text]) VALUES (56, 19, N'Enquete 4, Question 4, PossibleAnswer 2')
INSERT INTO [dbo].[PossibleAnswers] ([PossibleAnswerID], [QuestionID], [Text]) VALUES (57, 19, N'Enquete 4, Question 4, PossibleAnswer 3')
INSERT INTO [dbo].[PossibleAnswers] ([PossibleAnswerID], [QuestionID], [Text]) VALUES (58, 20, N'Enquete 4, Question 5, PossibleAnswer 1')
INSERT INTO [dbo].[PossibleAnswers] ([PossibleAnswerID], [QuestionID], [Text]) VALUES (59, 20, N'Enquete 4, Question 5, PossibleAnswer 2')
INSERT INTO [dbo].[PossibleAnswers] ([PossibleAnswerID], [QuestionID], [Text]) VALUES (60, 20, N'Enquete 4, Question 5, PossibleAnswer 3')
INSERT INTO [dbo].[PossibleAnswers] ([PossibleAnswerID], [QuestionID], [Text]) VALUES (61, 21, N'Enquete 5, Question 1, PossibleAnswer 1')
INSERT INTO [dbo].[PossibleAnswers] ([PossibleAnswerID], [QuestionID], [Text]) VALUES (62, 21, N'Enquete 5, Question 1, PossibleAnswer 2')
INSERT INTO [dbo].[PossibleAnswers] ([PossibleAnswerID], [QuestionID], [Text]) VALUES (63, 21, N'Enquete 5, Question 1, PossibleAnswer 3')
INSERT INTO [dbo].[PossibleAnswers] ([PossibleAnswerID], [QuestionID], [Text]) VALUES (64, 22, N'Enquete 5, Question 2, PossibleAnswer 1')
INSERT INTO [dbo].[PossibleAnswers] ([PossibleAnswerID], [QuestionID], [Text]) VALUES (65, 22, N'Enquete 5, Question 2, PossibleAnswer 2')
INSERT INTO [dbo].[PossibleAnswers] ([PossibleAnswerID], [QuestionID], [Text]) VALUES (66, 22, N'Enquete 5, Question 2, PossibleAnswer 3')
INSERT INTO [dbo].[PossibleAnswers] ([PossibleAnswerID], [QuestionID], [Text]) VALUES (67, 23, N'Enquete 5, Question 3, PossibleAnswer 1')
INSERT INTO [dbo].[PossibleAnswers] ([PossibleAnswerID], [QuestionID], [Text]) VALUES (68, 23, N'Enquete 5, Question 3, PossibleAnswer 2')
INSERT INTO [dbo].[PossibleAnswers] ([PossibleAnswerID], [QuestionID], [Text]) VALUES (69, 23, N'Enquete 5, Question 3, PossibleAnswer 3')
INSERT INTO [dbo].[PossibleAnswers] ([PossibleAnswerID], [QuestionID], [Text]) VALUES (70, 24, N'Enquete 5, Question 4, PossibleAnswer 1')
INSERT INTO [dbo].[PossibleAnswers] ([PossibleAnswerID], [QuestionID], [Text]) VALUES (71, 24, N'Enquete 5, Question 4, PossibleAnswer 2')
INSERT INTO [dbo].[PossibleAnswers] ([PossibleAnswerID], [QuestionID], [Text]) VALUES (72, 24, N'Enquete 5, Question 4, PossibleAnswer 3')
INSERT INTO [dbo].[PossibleAnswers] ([PossibleAnswerID], [QuestionID], [Text]) VALUES (73, 25, N'Enquete 5, Question 5, PossibleAnswer 1')
INSERT INTO [dbo].[PossibleAnswers] ([PossibleAnswerID], [QuestionID], [Text]) VALUES (74, 25, N'Enquete 5, Question 5, PossibleAnswer 2')
INSERT INTO [dbo].[PossibleAnswers] ([PossibleAnswerID], [QuestionID], [Text]) VALUES (75, 25, N'Enquete 5, Question 5, PossibleAnswer 3')
SET IDENTITY_INSERT [dbo].[PossibleAnswers] OFF